{"train/loss": 7.5588, "train/learning_rate": 9.090909090909092e-05, "train/epoch": 0.0, "train/global_step": 6, "_timestamp": 1710721362.470367, "_runtime": 93.4331488609314, "_step": 5}