{"train/loss": 3.7296, "train/learning_rate": 0.0005303030303030302, "train/epoch": 0.02, "train/global_step": 35, "_timestamp": 1710721951.4155185, "_runtime": 378.3927044868469, "_step": 34}